n_mfcc,model_name,accuracy,precision,recall,f1,roc_auc,train_time_sec,inference_time_ms,model_size_mb,best_params,cv_best_score
8,Logistic Regression,0.6666666666666666,0.5,0.6592592592592592,0.5686900958466453,0.7276268861454047,5.096527200192213,0.09306200314313173,0.0007581710815429688,"{'C': 0.1, 'penalty': 'l2', 'solver': 'liblinear'}",0.6666666666666666
8,Ridge Classifier,0.6567901234567901,0.489247311827957,0.674074074074074,0.5669781931464174,0.727434842249657,0.054856499657034874,0.08754599839448929,0.0007333755493164062,"{'alpha': 0.1, 'solver': 'auto'}",0.6703703703703704
8,SVM (RBF),0.8148148148148148,0.6923076923076923,0.8,0.7422680412371134,0.8730864197530864,1.0447754999622703,5.724915014579892,0.06612396240234375,"{'C': 10, 'gamma': 'scale', 'kernel': 'rbf'}",0.7833333333333333
8,Linear SVM,0.6592592592592592,0.4918032786885246,0.6666666666666666,0.5660377358490566,0.7250205761316872,0.043140700086951256,0.06978700868785381,0.0006303787231445312,"{'C': 1, 'loss': 'hinge'}",0.6722222222222222
8,Random Forest,0.8148148148148148,0.75,0.6666666666666666,0.7058823529411765,0.8598902606310014,12.383466000203043,31.381582021713253,1.5335464477539062,"{'max_depth': 10, 'min_samples_leaf': 2, 'min_samples_split': 2, 'n_estimators': 100}",0.612962962962963
8,Extra Trees,0.7851851851851852,0.6935483870967742,0.6370370370370371,0.6640926640926641,0.8529218106995885,2.437257200013846,46.672461004927754,3.147233009338379,"{'max_depth': 10, 'min_samples_split': 5, 'n_estimators': 200}",0.6537037037037038
8,Gradient Boosting,0.8148148148148148,0.7830188679245284,0.6148148148148148,0.6887966804979253,0.8638683127572017,18.92569170007482,1.039854004047811,2.011164665222168,"{'learning_rate': 0.1, 'max_depth': 7, 'n_estimators': 200, 'subsample': 0.8}",0.6055555555555556
8,XGBoost,0.7679012345679013,0.632258064516129,0.725925925925926,0.6758620689655173,0.8498765432098765,14.41580260032788,0.6567829893901944,0.11234855651855469,"{'colsample_bytree': 0.8, 'learning_rate': 0.1, 'max_depth': 3, 'n_estimators': 100, 'scale_pos_weight': 2, 'subsample': 1.0}",0.7314814814814815
8,LightGBM,0.7753086419753087,0.6375,0.7555555555555555,0.6915254237288135,0.8439506172839507,9.367926700040698,1.2170939892530441,0.5367660522460938,"{'learning_rate': 0.01, 'min_child_samples': 50, 'n_estimators': 200, 'num_leaves': 31}",0.7111111111111109
8,AdaBoost,0.7407407407407407,0.65625,0.4666666666666667,0.5454545454545454,0.7837448559670781,2.0383766000159085,16.63399700075388,0.10683631896972656,"{'learning_rate': 1.0, 'n_estimators': 200}",0.48518518518518516
8,Decision Tree,0.6518518518518519,0.484375,0.6888888888888889,0.5688073394495413,0.7387105624142661,0.18003179971128702,0.06943200249224901,0.003742218017578125,"{'criterion': 'entropy', 'max_depth': 5, 'min_samples_split': 2}",0.7314814814814815
8,K-Nearest Neighbors,0.8246913580246914,0.75,0.7111111111111111,0.7300380228136882,0.8428257887517148,0.31081039970740676,22.352296002209187,0.18379497528076172,"{'metric': 'euclidean', 'n_neighbors': 3, 'weights': 'distance'}",0.6814814814814815
8,Naive Bayes,0.725925925925926,0.7068965517241379,0.3037037037037037,0.42487046632124353,0.7283401920438958,0.027327800169587135,0.11632099281996489,0.000823974609375,{'var_smoothing': 1e-09},0.31666666666666665
8,MLP Neural Network,0.8049382716049382,0.7028985507246377,0.7185185185185186,0.7106227106227107,0.8606310013717422,51.200091399718076,0.1656559994444251,0.06638622283935547,"{'activation': 'tanh', 'alpha': 0.001, 'hidden_layer_sizes': (64, 32), 'learning_rate': 'constant'}",0.7055555555555556
16,Logistic Regression,0.6790123456790124,0.5139664804469274,0.6814814814814815,0.5859872611464968,0.7424417009602196,0.09893839992582798,0.11709603015333414,0.000812530517578125,"{'C': 1, 'penalty': 'l2', 'solver': 'liblinear'}",0.675925925925926
16,Ridge Classifier,0.6567901234567901,0.4891304347826087,0.6666666666666666,0.5642633228840125,0.7422222222222222,0.07267410028725863,0.09712301660329103,0.0007638931274414062,"{'alpha': 0.1, 'solver': 'auto'}",0.6759259259259259
16,SVM (RBF),0.7432098765432099,0.591715976331361,0.7407407407407407,0.6578947368421053,0.8451165980795611,1.4849318000487983,8.383636986836791,0.15042495727539062,"{'C': 1, 'gamma': 'scale', 'kernel': 'rbf'}",0.7648148148148147
16,Linear SVM,0.674074074074074,0.5084745762711864,0.6666666666666666,0.5769230769230769,0.741042524005487,0.09637359995394945,0.082563990727067,0.0006914138793945312,"{'C': 10, 'loss': 'hinge'}",0.6814814814814816
16,Random Forest,0.8024691358024691,0.7391304347826086,0.6296296296296297,0.68,0.8597256515775035,18.628019999712706,33.3914759894833,1.3316326141357422,"{'max_depth': 10, 'min_samples_leaf': 2, 'min_samples_split': 5, 'n_estimators': 100}",0.5888888888888889
16,Extra Trees,0.8049382716049382,0.7372881355932204,0.6444444444444445,0.6877470355731226,0.8535528120713306,2.994706100318581,33.7139989528805,1.611699104309082,"{'max_depth': 10, 'min_samples_split': 5, 'n_estimators': 100}",0.6351851851851853
16,Gradient Boosting,0.8,0.7454545454545455,0.6074074074074074,0.6693877551020408,0.8603566529492455,31.35218199994415,0.7589989993721247,0.7738122940063477,"{'learning_rate': 0.2, 'max_depth': 5, 'n_estimators': 200, 'subsample': 0.8}",0.5777777777777778
16,XGBoost,0.7604938271604939,0.625,0.7037037037037037,0.662020905923345,0.8429629629629629,28.180266300216317,0.9650440327823162,0.11367511749267578,"{'colsample_bytree': 1.0, 'learning_rate': 0.1, 'max_depth': 3, 'n_estimators': 100, 'scale_pos_weight': 2, 'subsample': 1.0}",0.7203703703703703
16,LightGBM,0.7481481481481481,0.6,0.7333333333333333,0.66,0.8190672153635116,5.999641000293195,1.6198370046913624,0.2695503234863281,"{'learning_rate': 0.01, 'min_child_samples': 50, 'n_estimators': 100, 'num_leaves': 31}",0.7000000000000001
16,AdaBoost,0.7382716049382716,0.6526315789473685,0.45925925925925926,0.5391304347826087,0.7903017832647463,3.4279223000630736,19.058897993527353,0.10683631896972656,"{'learning_rate': 1.0, 'n_estimators': 200}",0.47962962962962963
16,Decision Tree,0.671604938271605,0.5067567567567568,0.5555555555555556,0.5300353356890459,0.7121947873799725,0.378929500002414,0.06956700701266527,0.004352569580078125,"{'criterion': 'entropy', 'max_depth': 5, 'min_samples_split': 10}",0.7018518518518518
16,K-Nearest Neighbors,0.8,0.6956521739130435,0.7111111111111111,0.7032967032967034,0.8521673525377228,0.3979464001022279,1.4392029913142323,0.11187744140625,"{'metric': 'euclidean', 'n_neighbors': 3, 'weights': 'distance'}",0.6685185185185185
16,Naive Bayes,0.7185185185185186,0.6779661016949152,0.2962962962962963,0.41237113402061853,0.6965980795610425,0.028379699680954218,0.22508298512548208,0.0010738372802734375,{'var_smoothing': 1e-09},0.3537037037037037
16,MLP Neural Network,0.8419753086419753,0.8034188034188035,0.6962962962962963,0.746031746031746,0.8814814814814814,51.35456630028784,0.11739699635654688,0.06541061401367188,"{'activation': 'relu', 'alpha': 0.001, 'hidden_layer_sizes': (64, 32), 'learning_rate': 'constant'}",0.6962962962962962
32,Logistic Regression,0.6839506172839506,0.5195530726256983,0.6888888888888889,0.5923566878980892,0.7612345679012346,0.08037180034443736,0.11536900419741869,0.0009374618530273438,"{'C': 1, 'penalty': 'l2', 'solver': 'liblinear'}",0.6814814814814815
32,Ridge Classifier,0.6765432098765433,0.510989010989011,0.6888888888888889,0.5867507886435331,0.7596433470507545,0.08989820023998618,0.08731900248676538,0.0008249282836914062,"{'alpha': 0.1, 'solver': 'auto'}",0.6796296296296296
32,SVM (RBF),0.7728395061728395,0.6303030303030303,0.7703703703703704,0.6933333333333334,0.8545404663923184,1.5368181997910142,8.823992968536913,0.2918243408203125,"{'C': 1, 'gamma': 'scale', 'kernel': 'rbf'}",0.7537037037037037
32,Linear SVM,0.6839506172839506,0.5193370165745856,0.6962962962962963,0.5949367088607594,0.7627709190672154,0.13559060031548142,0.08667100220918655,0.00081634521484375,"{'C': 1, 'loss': 'hinge'}",0.6925925925925925
32,Random Forest,0.8024691358024691,0.7391304347826086,0.6296296296296297,0.68,0.8471056241426612,19.795477599836886,34.05806199647486,1.4189300537109375,"{'max_depth': 10, 'min_samples_leaf': 2, 'min_samples_split': 5, 'n_estimators': 100}",0.5814814814814815
32,Extra Trees,0.7851851851851852,0.6690140845070423,0.7037037037037037,0.6859205776173285,0.8544032921810699,2.998123399913311,33.493544990196824,1.5698871612548828,"{'max_depth': 10, 'min_samples_split': 5, 'n_estimators': 100}",0.6537037037037037
32,Gradient Boosting,0.8148148148148148,0.7586206896551724,0.6518518518518519,0.701195219123506,0.8797805212620027,50.61166379973292,0.4655999969691038,0.40905189514160156,"{'learning_rate': 0.2, 'max_depth': 5, 'n_estimators': 100, 'subsample': 0.8}",0.6000000000000001
32,XGBoost,0.6641975308641975,0.49743589743589745,0.7185185185185186,0.5878787878787879,0.7645679012345679,52.71625090017915,0.8641290292143822,0.11537456512451172,"{'colsample_bytree': 0.8, 'learning_rate': 0.01, 'max_depth': 3, 'n_estimators': 100, 'scale_pos_weight': 2, 'subsample': 1.0}",0.7611111111111111
32,LightGBM,0.7753086419753087,0.6486486486486487,0.7111111111111111,0.6784452296819788,0.8525102880658436,8.586350599769503,1.7344140028581023,0.5458478927612305,"{'learning_rate': 0.01, 'min_child_samples': 50, 'n_estimators': 200, 'num_leaves': 31}",0.6962962962962962
32,AdaBoost,0.762962962962963,0.693069306930693,0.5185185185185185,0.5932203389830508,0.8038408779149521,5.011156899854541,16.937383012846112,0.10683631896972656,"{'learning_rate': 1.0, 'n_estimators': 200}",0.5407407407407407
32,Decision Tree,0.582716049382716,0.43253968253968256,0.8074074074074075,0.5633074935400517,0.713744855967078,0.609935199841857,0.06982399616390467,0.004807472229003906,"{'criterion': 'gini', 'max_depth': 5, 'min_samples_split': 2}",0.7648148148148147
32,K-Nearest Neighbors,0.8074074074074075,0.6887417218543046,0.7703703703703704,0.7272727272727273,0.8490672153635117,0.15673370007425547,1.6119930101558566,0.21075439453125,"{'metric': 'euclidean', 'n_neighbors': 3, 'weights': 'distance'}",0.6925925925925925
32,Naive Bayes,0.6395061728395062,0.47058823529411764,0.6518518518518519,0.546583850931677,0.7209053497942387,0.029331000056117773,0.2050520060583949,0.0015621185302734375,{'var_smoothing': 1e-09},0.6462962962962963
32,MLP Neural Network,0.8222222222222222,0.7266187050359713,0.7481481481481481,0.7372262773722628,0.884883401920439,45.460373799782246,0.1723949983716011,0.08858489990234375,"{'activation': 'tanh', 'alpha': 0.001, 'hidden_layer_sizes': (128,), 'learning_rate': 'constant'}",0.7222222222222223
64,Logistic Regression,0.6839506172839506,0.5185185185185185,0.725925925925926,0.6049382716049383,0.7709739368998628,0.1259023998863995,0.10563698597252369,0.0011882781982421875,"{'C': 0.1, 'penalty': 'l2', 'solver': 'liblinear'}",0.688888888888889
64,Ridge Classifier,0.6641975308641975,0.49746192893401014,0.725925925925926,0.5903614457831325,0.7685048010973937,0.18907690001651645,0.07304799742996693,0.0010051727294921875,"{'alpha': 10.0, 'solver': 'saga'}",0.688888888888889
64,SVM (RBF),0.782716049382716,0.6620689655172414,0.7111111111111111,0.6857142857142857,0.8714951989026064,1.9690467999316752,8.568577016703784,0.49588584899902344,"{'C': 10, 'gamma': 'auto', 'kernel': 'rbf'}",0.6925925925925925
64,Linear SVM,0.6790123456790124,0.5128205128205128,0.7407407407407407,0.6060606060606061,0.7668038408779149,0.30012849997729063,0.07726801559329033,0.00106048583984375,"{'C': 1, 'loss': 'hinge'}",0.7111111111111111
64,Random Forest,0.8123456790123457,0.7864077669902912,0.6,0.680672268907563,0.8527846364883402,26.625258299987763,58.02652501966804,4.459050178527832,"{'max_depth': 10, 'min_samples_leaf': 2, 'min_samples_split': 5, 'n_estimators': 300}",0.5333333333333333
64,Extra Trees,0.8049382716049382,0.71875,0.6814814814814815,0.6996197718631179,0.8575308641975309,3.5471723000518978,43.92750299535692,3.669710159301758,"{'max_depth': 10, 'min_samples_split': 2, 'n_estimators': 200}",0.6037037037037036
64,Gradient Boosting,0.8246913580246914,0.8018867924528302,0.6296296296296297,0.7053941908713693,0.8700411522633745,94.66469920007512,0.5815940303727984,0.2537708282470703,"{'learning_rate': 0.2, 'max_depth': 3, 'n_estimators': 200, 'subsample': 1.0}",0.5962962962962962
64,XGBoost,0.6691358024691358,0.5025125628140703,0.7407407407407407,0.5988023952095808,0.7593415637860083,103.14806969976053,0.7586209662258625,0.11537456512451172,"{'colsample_bytree': 0.8, 'learning_rate': 0.01, 'max_depth': 3, 'n_estimators': 100, 'scale_pos_weight': 2, 'subsample': 1.0}",0.7462962962962963
64,LightGBM,0.7753086419753087,0.6410256410256411,0.7407407407407407,0.6872852233676976,0.8435665294924555,14.549069699831307,1.7709550028666854,0.5407180786132812,"{'learning_rate': 0.01, 'min_child_samples': 50, 'n_estimators': 200, 'num_leaves': 31}",0.6814814814814815
64,AdaBoost,0.745679012345679,0.6568627450980392,0.4962962962962963,0.5654008438818565,0.7946227709190672,8.81256250012666,18.19108202122152,0.10683631896972656,"{'learning_rate': 1.0, 'n_estimators': 200}",0.5222222222222223
64,Decision Tree,0.5802469135802469,0.43346007604562736,0.8444444444444444,0.5728643216080402,0.7175582990397805,1.1631624000146985,0.1328710000962019,0.004807472229003906,"{'criterion': 'gini', 'max_depth': 5, 'min_samples_split': 2}",0.7648148148148147
64,K-Nearest Neighbors,0.7777777777777778,0.6490066225165563,0.725925925925926,0.6853146853146853,0.8469135802469134,0.2257201001048088,2.2640799870714545,0.40850830078125,"{'metric': 'euclidean', 'n_neighbors': 3, 'weights': 'distance'}",0.674074074074074
64,Naive Bayes,0.6938271604938272,0.5364238410596026,0.6,0.5664335664335665,0.763593964334705,0.030446999706327915,0.23680598475039005,0.0025386810302734375,{'var_smoothing': 1e-09},0.5851851851851851
64,MLP Neural Network,0.7802469135802469,0.6619718309859155,0.6962962962962963,0.6787003610108303,0.8636762688614541,31.90406779991463,0.38746397010982037,0.14534759521484375,"{'activation': 'tanh', 'alpha': 0.001, 'hidden_layer_sizes': (128,), 'learning_rate': 'constant'}",0.6759259259259259
128,Logistic Regression,0.7111111111111111,0.5535714285714286,0.6888888888888889,0.6138613861386139,0.7888614540466392,0.28077910002321005,0.09275197982788086,0.0016765594482421875,"{'C': 0.01, 'penalty': 'l2', 'solver': 'liblinear'}",0.6833333333333332
128,Ridge Classifier,0.6938271604938272,0.5310734463276836,0.6962962962962963,0.6025641025641025,0.7712482853223593,0.46891829976812005,0.07840597536414862,0.001194000244140625,"{'alpha': 0.1, 'solver': 'auto'}",0.674074074074074
128,SVM (RBF),0.7950617283950617,0.6857142857142857,0.7111111111111111,0.6981818181818182,0.8622222222222223,3.227859899867326,11.473675989545882,1.0177803039550781,"{'C': 10, 'gamma': 'scale', 'kernel': 'rbf'}",0.6666666666666666
128,Linear SVM,0.7135802469135802,0.5536723163841808,0.725925925925926,0.6282051282051282,0.7838408779149519,1.2638055998831987,0.08844997733831406,0.00154876708984375,"{'C': 10, 'loss': 'hinge'}",0.6944444444444445
128,Random Forest,0.7975308641975308,0.7523809523809524,0.5851851851851851,0.6583333333333333,0.8540192043895748,32.34685540013015,32.65732903033495,1.4508209228515625,"{'max_depth': 10, 'min_samples_leaf': 2, 'min_samples_split': 5, 'n_estimators': 100}",0.5055555555555556
128,Extra Trees,0.8123456790123457,0.7398373983739838,0.674074074074074,0.7054263565891473,0.8642798353909464,3.9506722996011376,49.36600800603628,3.370218276977539,"{'max_depth': 10, 'min_samples_split': 5, 'n_estimators': 200}",0.5962962962962962
128,Gradient Boosting,0.8148148148148148,0.7777777777777778,0.6222222222222222,0.691358024691358,0.8620576131687242,169.96732700010762,0.4157879948616028,0.13352394104003906,"{'learning_rate': 0.2, 'max_depth': 3, 'n_estimators': 100, 'subsample': 0.8}",0.6055555555555555
128,XGBoost,0.8222222222222222,0.7142857142857143,0.7777777777777778,0.7446808510638298,0.8821947873799726,229.1640994003974,1.3011209992691875,0.11449527740478516,"{'colsample_bytree': 0.8, 'learning_rate': 0.1, 'max_depth': 3, 'n_estimators': 100, 'scale_pos_weight': 2, 'subsample': 1.0}",0.6981481481481482
128,LightGBM,0.7580246913580246,0.6209150326797386,0.7037037037037037,0.6597222222222222,0.8374211248285323,34.72044579964131,2.6819320023059845,0.2844076156616211,"{'learning_rate': 0.01, 'min_child_samples': 50, 'n_estimators': 100, 'num_leaves': 31}",0.6851851851851851
128,AdaBoost,0.7802469135802469,0.6982758620689655,0.6,0.6454183266932271,0.8312482853223594,31.046093500219285,49.17041297536343,0.10683631896972656,"{'learning_rate': 1.0, 'n_estimators': 200}",0.5499999999999999
128,Decision Tree,0.6049382716049383,0.4423963133640553,0.7111111111111111,0.5454545454545454,0.6912894375857339,3.4340901002287865,0.24246603716164827,0.004960060119628906,"{'criterion': 'gini', 'max_depth': 5, 'min_samples_split': 2}",0.6925925925925925
128,K-Nearest Neighbors,0.7358024691358025,0.5886075949367089,0.6888888888888889,0.6348122866894198,0.8036213991769547,0.5839418000541627,4.398556021042168,0.80401611328125,"{'metric': 'euclidean', 'n_neighbors': 3, 'weights': 'distance'}",0.6814814814814815
128,Naive Bayes,0.7160493827160493,0.6470588235294118,0.32592592592592595,0.43349753694581283,0.7289711934156378,0.056699400302022696,0.5005509965121746,0.0044918060302734375,{'var_smoothing': 1e-09},0.3592592592592592
128,MLP Neural Network,0.7728395061728395,0.6387096774193548,0.7333333333333333,0.6827586206896552,0.8439506172839507,34.552938300184906,0.827253982424736,0.266815185546875,"{'activation': 'tanh', 'alpha': 0.0001, 'hidden_layer_sizes': (128,), 'learning_rate': 'constant'}",0.6777777777777779
